year,eta_detect,eta_term,reduction,reduction_lo95,reduction_hi95,reduction_B
2016,0.5842463426628453,0.6375815562778016,0.3790888235204275,0.3462864405643475,0.4116646821352293,0.2636966713944584
2017,0.6156037161567242,0.6574154483625029,0.41063972080678435,0.37787576267112155,0.44302726664970093,0.2953819660825835
2018,0.6358583500044823,0.6261635361350841,0.4039993471657224,0.37145417388085034,0.4351804271791751,0.2902633636493902
2019,0.649725982456321,0.6495972616068398,0.42739550016340777,0.3954400074469669,0.4592755571559903,0.31708462286859784
2020,0.6796154900265302,0.6426556841810899,0.4413620810111104,0.4100276574060268,0.47321667867684714,0.33397199547005685
2021,0.7116429366654015,0.6621010603189548,0.4748225204728477,0.44344206990374363,0.5045714736613164,0.36611160511965246
2022,0.7346660134318006,0.6730378108617139,0.4979074630725383,0.46868940818314586,0.5275186519754488,0.39709156587593164
2023,0.7519464455569903,0.6579472373286219,0.4981052325543214,0.46889705634975326,0.5268176165052061,0.3993554289202199
2024,0.7459272227661852,0.6622286443994693,0.4972961794823211,0.46707276915933366,0.5254958759430389,0.3993270705426125
