year,p_ds_lb_wt
1989,0.001038
1990,0.001055
1991,0.001077
1992,0.001083
1993,0.001093
1994,0.001102
1995,0.001121
1996,0.001099
1997,0.001124
1998,0.001136
1999,0.001153
2000,0.001149
2001,0.001179
2002,0.001216
2003,0.001219
2004,0.001218
2005,0.001236
2006,0.001244
2007,0.001261
2008,0.001257
2009,0.001262
2010,0.001244
2011,0.00127
2012,0.001265
2013,0.001283
2014,0.001302
2015,0.001265051
2016,0.001295784
2017,0.0013375
2018,0.001324215
2019,0.001324215
2020,0.001324215
2021,0.001324215
2022,0.001324215
2023,0.001324215
2024,0.001324215
